{
  "id": "",
  "name": "",
  "font_family": "iconfont",
  "css_prefix_text": "icon-",
  "description": "",
  "glyphs": [
    {
      "icon_id": "29947",
      "name": "search",
      "font_class": "search",
      "unicode": "e65c",
      "unicode_decimal": 58972
    },
    {
      "icon_id": "159932",
      "name": "search",
      "font_class": "fenxiang",
      "unicode": "f016e",
      "unicode_decimal": 983406
    },
    {
      "icon_id": "159971",
      "name": "cart",
      "font_class": "cart",
      "unicode": "f0171",
      "unicode_decimal": 983409
    },
    {
      "icon_id": "688436",
      "name": "love",
      "font_class": "love",
      "unicode": "e60c",
      "unicode_decimal": 58892
    },
    {
      "icon_id": "6151301",
      "name": "search",
      "font_class": "search1",
      "unicode": "e82e",
      "unicode_decimal": 59438
    },
    {
      "icon_id": "12004575",
      "name": "Love",
      "font_class": "Love",
      "unicode": "ea9c",
      "unicode_decimal": 60060
    },
    {
      "icon_id": "12011697",
      "name": "search",
      "font_class": "search2",
      "unicode": "e7b3",
      "unicode_decimal": 59315
    }
  ]
}
